"รหัสสินค้า","ชื่อสินค้า","ราคา","ยอดขาย","ชื่อร้านค้า","อัตราค่าคอมมิชชั่น","ค่าคอมมิชชั่น","ลิงก์สินค้า","ลิงก์ข้อเสนอ"
28906364060,ปุ๋ยน้ำสูตร 21-3-3 ( 5 แถมฟรี 1 ) ตราเทพมงคล เร่งดอก เร่งใบ เร่งโต #สูตรปุ๋ยเร่งต้นไม้ให้โตเร็ว #สูตรปุ๋ยเร่งต้นทุเรียน,2300,59,จำหน่ายปุ๋ยและชีวภัณฑ์การเกษตร,13,304.2,https://shopee.co.th/product/1307125575/28906364060,https://s.shopee.co.th/6pzKd9B4PG
27511746557,ปุ๋ยน้ำสูตร 21-3-3 ( 2 ขวด ) ตราเทพมงคล เร่งดอก เร่งใบ เร่งโต ฟื้นฟูต้นโทรม #สูตรปุ๋ยเร่งต้นไม้ให้โตเร็ว,900,89,เทพมงคล จำหน่ายปุ๋ยและชีวภัณฑ์,15,135,https://shopee.co.th/product/16622710/27511746557,https://s.shopee.co.th/6ffuQqBhkF
27375896318,ปุ๋ยแคลเซียมโบรอน ตรา เทพมงคล ( 2 ขวด ) #แคลโบมิคพลัส ธาตุอาหารพืช #ขั้วเหนียว #ดอกติดดี #ดอกไม่ร่วง #ป้องกันผลแตก #ปุ๋ย,1100,82,เทพมงคล จำหน่ายปุ๋ยและชีวภัณฑ์,15,158.4,https://shopee.co.th/product/16622710/27375896318,https://s.shopee.co.th/6VMUEXCL5E
46658097032,เทพมงคล เซ็ตปุ๋ยน้ำสูตร 4-24-24 คู่ ซุปเปอร์ไตรโค ขนาด 100 กรัม ปุ๋ยเพิ่มผลผลิต กำจัดรากเน่า โคนเน่า,683,5,ปุ๋ยตราเทพมงคล,13,88.79,https://shopee.co.th/product/1004867988/46658097032,https://s.shopee.co.th/6L342ECyQD
27275827120,ปุ๋ยแคลเซียมโบรอน ตรา เทพมงคล ( 2 ขวด ) #แคลโบมิคพลัส ธาตุอาหารพืช #ขั้วเหนียว #ดอกติดดี #ดอกไม่ร่วง #ป้องกันผลแตก #ปุ๋ย,1100,68,จำหน่ายปุ๋ยและชีวภัณฑ์การเกษตร,13,137.28,https://shopee.co.th/product/1307125575/27275827120,https://s.shopee.co.th/6AjdpvDblC
27218995893,ปุ๋ยน้ำสูตร 21-3-3 ( 1 ลิตร ) ตราเทพมงคล เร่งดอก เร่งใบ เร่งโต ฟื้นฟูต้นโทรม #สูตรปุ๋ยเร่งต้นไม้ให้โตเร็ว,880,6,ร้านปุ๋ยและชีวภัณฑ์ ตราเทพมงคล,15,132,https://shopee.co.th/product/1343591947/27218995893,https://s.shopee.co.th/60QDdcEF6B
24488839627,อะมิโนมิค + ปุ๋ยน้ำ 21- 3 -3 ตราเทพมงคล เร่งราก เร่งการเติมโต ฟื้นฟูลำต้น #สูตรปุ๋ยเร่งต้นไม้ให้โตเร็ว,2400,2,ร้านปุ๋ยและชีวภัณฑ์ ตราเทพมงคล,15,354,https://shopee.co.th/product/1343591947/24488839627,https://s.shopee.co.th/5q6nRJEsRA
27519178948,ปุ๋ยน้ำสูตร 21-3-3 ( 1 ลิตร ) ตราเทพมงคล เร่งดอก เร่งใบ เร่งโต ฟื้นฟูต้นโทรม #สูตรปุ๋ยเร่งต้นไม้ให้โตเร็ว ขยายใบอ่อน,880,2,เทพมงคล ปุ๋ยเพื่อการเกษตร,15,132,https://shopee.co.th/product/1343640853/27519178948,https://s.shopee.co.th/5fnNF0FVm9
54564146050,ปุ๋ยน้ำสูตร 13-13-13 ตราเทพมงคล ขนาด 1 ลิตร ปุ๋ยเคมีชนิดน้ำ สูตรสมดุล สูตรเสมอ สำหรับบำรุงต้น ใบ ดอก และผล,708,0,ปุ๋ยตราเทพมงคล,13,92.04,https://shopee.co.th/product/1004867988/54564146050,https://s.shopee.co.th/5VTx2hG978
29075836245,ปุ๋ยแคลเซียมโบรอน ตรา เทพมงคล 1 ลิตร #แคลโบมิคพลัส ธาตุอาหารพืช #ขั้วเหนียว #ดอกติดดี #ดอกไม่ร่วง #ป้องกันผลแตก #ปุ๋ยน้ำ,588,143,จำหน่ายปุ๋ยและชีวภัณฑ์การเกษตร,13,76.44,https://shopee.co.th/product/1307125575/29075836245,https://s.shopee.co.th/5LAWqOGmS7
25636236197,ปุ๋ยน้ำสูตร 21-3-3 ( 1 ลิตร ) ตราเทพมงคล เร่งดอก เร่งใบ เร่งโต ฟื้นฟูต้นโทรม #สูตรปุ๋ยเร่งต้นไม้ให้โตเร็ว,528,48,เทพมงคล จำหน่ายปุ๋ยและชีวภัณฑ์,15,79.2,https://shopee.co.th/product/16622710/25636236197,https://s.shopee.co.th/AUsczsx6y8
27725891771,ปุ๋ยแคลเซียมโบรอน ตรา เทพมงคล 1 ลิตร #แคลโบมิคพลัส ธาตุอาหารพืช #ขั้วเหนียว #ดอกติดดี #ดอกไม่ร่วง #ป้องกันผลแตก #ปุ๋ยน้ำ,588,46,เทพมงคล จำหน่ายปุ๋ยและชีวภัณฑ์,15,88.2,https://shopee.co.th/product/16622710/27725891771,https://s.shopee.co.th/AKZCnZxkJ7
28572963205,แคลโบมิคพลัส ตราเทพมงคล 1 ขวด ปุ๋ยน้ำแคลเซียมโบรอน ขนาด 1 ลิตร สูตรเข้มข้นสูง แคลเซียม 7% ต่อโบรอน1%,399,1000,ปุ๋ยตราเทพมงคล,13,51.87,https://shopee.co.th/product/1004867988/28572963205,https://s.shopee.co.th/AAFmbGyNe6
29105743252,ปุ๋ยน้ำสูตร 21-3-3 ตราเทพมงคล เร่งดอก เร่งใบ เร่งโต (ปริมาณ 1 ลิตร) #สูตรปุ๋ยเร่งต้นไม้ให้โตเร็ว,528,104,จำหน่ายปุ๋ยและชีวภัณฑ์การเกษตร,13,68.64,https://shopee.co.th/product/1307125575/29105743252,https://s.shopee.co.th/9zwMOxz0z5
29268984119,ปุ๋ยน้ำสูตร 21-3-3 ( 2 ขวด ) ตราเทพมงคล เร่งดอก เร่งใบ เร่งโต ฟื้นฟูต้นโทรม #สูตรปุ๋ยเร่งต้นไม้ให้โตเร็ว,1800,5,ร้านปุ๋ยและชีวภัณฑ์ ตราเทพมงคล,15,264,https://shopee.co.th/product/1343591947/29268984119,https://s.shopee.co.th/9pcwCezeK4
26225905452,ปุ๋ยแคลเซียมโบรอน ตรา เทพมงคล ( 6 ขวด ) #แคลโบมิคพลัส ธาตุอาหารพืช #ขั้วเหนียว #ดอกติดดี #ดอกไม่ร่วง #ป้องกันผลแตก #ปุ๋ย,4100,0,ร้านปุ๋ยและชีวภัณฑ์ ตราเทพมงคล,14,579.6,https://shopee.co.th/product/1343591947/26225905452,https://s.shopee.co.th/9fJW0M0Hf3
27679321583,อะมิโนมิค + ปุ๋ยน้ำ 21-3-3 ตราเทพมงคล คู่หูเร่งโต ใบเขียว หนา เร่งผล รสชาติดี,1100,70,สินค้าเกษตร byโบว์,10,111.6,https://shopee.co.th/product/49092545/27679321583,https://s.shopee.co.th/9V05o30v02
27822962277,แคลโบมิคพลัส ตราเทพมงคล ปุ๋ยน้ำแคลเซียมโบรอน สูตรเข้มข้นสูง แคลเซียม 7% โบรอน 1% ชนิดน้ำ ขนาด 1 ลิตร,399,119,ปุ๋ยตราเทพมงคล,13,51.87,https://shopee.co.th/product/1004867988/27822962277,https://s.shopee.co.th/9Kgfbk1YL1
25391302543,ปุ๋ยแคลเซียมโบรอน ตรา เทพมงคล ( 6 ขวด ) #แคลโบมิคพลัส ธาตุอาหารพืช #ขั้วเหนียว #ดอกติดดี #ดอกไม่ร่วง #ป้องกันผลแตก #ปุ๋ย,3100,1,จำหน่ายปุ๋ยและชีวภัณฑ์การเกษตร,13,397.8,https://shopee.co.th/product/1307125575/25391302543,https://s.shopee.co.th/9ANFPR2Bg0
27311742410,ปุ๋ยน้ำสูตร 21-3-3 ( ซื้อ 10 แถมฟรี 2 ขวด ) ตราเทพมงคล เร่งดอก เร่งใบ เร่งโต ฟื้นฟูต้นโทรม #สูตรปุ๋ยเร่งต้นไม้ให้โตเร็ว,4300,3,เทพมงคล จำหน่ายปุ๋ยและชีวภัณฑ์,15,648,https://shopee.co.th/product/16622710/27311742410,https://s.shopee.co.th/903pD82p0z
